{"chunk_definitions":[{"row":242,"row_count":1,"visible":true,"expansion_state":0,"options":{"engine":"r","label":"unnamed-chunk-6"},"document_id":"A47459A5","chunk_id":"c4ngdd3zbdt1w","chunk_label":"unnamed-chunk-1"},{"row":412,"row_count":1,"visible":true,"expansion_state":0,"options":{"echo":true,"engine":"r","label":"unnamed-chunk-12"},"document_id":"A47459A5","chunk_id":"ck3bcjkyaqzho","chunk_label":"unnamed-chunk-6"},{"row":502,"row_count":1,"visible":true,"expansion_state":0,"options":{"engine":"r","label":"unnamed-chunk-15"},"document_id":"A47459A5","chunk_id":"ckl662s8y471e","chunk_label":"unnamed-chunk-8"},{"row":536,"row_count":1,"visible":true,"expansion_state":0,"options":{"engine":"r","label":"unnamed-chunk-23"},"document_id":"A47459A5","chunk_id":"cj8xpxcnr6bvh","chunk_label":"unnamed-chunk-9"},{"row":570,"row_count":1,"visible":true,"expansion_state":0,"options":{"engine":"r","label":"unnamed-chunk-40"},"document_id":"A47459A5","chunk_id":"cq93id4uatr3r","chunk_label":"unnamed-chunk-10"},{"row":602,"row_count":1,"visible":true,"expansion_state":0,"options":{"engine":"r","label":"unnamed-chunk-42"},"document_id":"A47459A5","chunk_id":"cqvebjgv7mys3","chunk_label":"unnamed-chunk-11"},{"row":626,"row_count":1,"visible":true,"expansion_state":0,"options":{"engine":"r","label":"unnamed-chunk-43"},"document_id":"A47459A5","chunk_id":"c3uozvcehz3ms","chunk_label":"unnamed-chunk-13"},{"row":645,"row_count":1,"visible":true,"expansion_state":0,"options":{"engine":"r","label":"unnamed-chunk-61"},"document_id":"A47459A5","chunk_id":"cjpx4bvs6fh34","chunk_label":"unnamed-chunk-14"},{"row":656,"row_count":1,"visible":true,"expansion_state":0,"options":{"engine":"r","label":"unnamed-chunk-65"},"document_id":"A47459A5","chunk_id":"ct3ouukextcis","chunk_label":"unnamed-chunk-15"},{"row":675,"row_count":1,"visible":true,"expansion_state":0,"options":{"echo":true,"engine":"r","label":"unnamed-chunk-71"},"document_id":"A47459A5","chunk_id":"c8u7hkzhxdsd5","chunk_label":"unnamed-chunk-16"},{"row":699,"row_count":1,"visible":true,"expansion_state":0,"options":{"engine":"r","label":"unnamed-chunk-73"},"document_id":"A47459A5","chunk_id":"ccoi5s3gr0z0e","chunk_label":"unnamed-chunk-17"}],"doc_write_time":1680196699,"chunk_rendered_width":568}