{"chunk_definitions":[{"row":241,"row_count":1,"visible":true,"expansion_state":0,"options":{"engine":"r","label":"unnamed-chunk-6"},"document_id":"A47459A5","chunk_id":"c4ngdd3zbdt1w","chunk_label":"unnamed-chunk-1"},{"row":278,"row_count":1,"visible":true,"expansion_state":0,"options":{"engine":"r","label":"unnamed-chunk-2"},"document_id":"A47459A5","chunk_id":"crmdy7wuse99r","chunk_label":"unnamed-chunk-2"},{"row":364,"row_count":1,"visible":true,"expansion_state":0,"options":{"engine":"r","label":"unnamed-chunk-11"},"document_id":"A47459A5","chunk_id":"cav4po2at1sg8","chunk_label":"unnamed-chunk-7"}],"doc_write_time":1679791095}