{"chunk_definitions":[{"row":183,"row_count":1,"visible":true,"expansion_state":0,"options":{"echo":true,"engine":"r","label":"unnamed-chunk-2"},"document_id":"F2CBAF55","chunk_id":"czdetvink3u53","chunk_label":"unnamed-chunk-4"},{"row":315,"row_count":1,"visible":true,"expansion_state":0,"options":{"echo":true,"engine":"r","label":"unnamed-chunk-4"},"document_id":"F2CBAF55","chunk_id":"cdw18c3r7rqmo","chunk_label":"unnamed-chunk-7"},{"row":332,"row_count":1,"visible":true,"expansion_state":0,"options":{"echo":true,"engine":"r","label":"unnamed-chunk-6"},"document_id":"F2CBAF55","chunk_id":"c890zp8vxmqqv","chunk_label":"unnamed-chunk-8"},{"row":458,"row_count":1,"visible":true,"expansion_state":0,"options":{"echo":true,"engine":"r","label":"unnamed-chunk-8"},"document_id":"F2CBAF55","chunk_id":"c94i6tehw6jqe","chunk_label":"unnamed-chunk-14"},{"row":572,"row_count":1,"visible":true,"expansion_state":0,"options":{"echo":true,"engine":"r","label":"unnamed-chunk-23"},"document_id":"F2CBAF55","chunk_id":"c24jl6tmey0d0","chunk_label":"unnamed-chunk-23"},{"row":586,"row_count":1,"visible":true,"expansion_state":0,"options":{"echo":true,"engine":"r","label":"unnamed-chunk-22"},"document_id":"F2CBAF55","chunk_id":"cgk60ypz1ltil","chunk_label":"unnamed-chunk-24"},{"row":598,"row_count":1,"visible":true,"expansion_state":0,"options":{"echo":true,"engine":"r","label":"unnamed-chunk-21"},"document_id":"F2CBAF55","chunk_id":"cr996ru0crp38","chunk_label":"unnamed-chunk-25"},{"row":610,"row_count":1,"visible":true,"expansion_state":0,"options":{"engine":"r","label":"unnamed-chunk-10"},"document_id":"F2CBAF55","chunk_id":"ch69zkwimthrj","chunk_label":"unnamed-chunk-26"},{"row":620,"row_count":1,"visible":true,"expansion_state":0,"options":{"echo":true,"engine":"r","label":"unnamed-chunk-19"},"document_id":"F2CBAF55","chunk_id":"cnrxe7pezj4ed","chunk_label":"unnamed-chunk-27"},{"row":644,"row_count":1,"visible":true,"expansion_state":0,"options":{"echo":true,"engine":"r","label":"unnamed-chunk-20"},"document_id":"F2CBAF55","chunk_id":"coa7pv4kgjoq9","chunk_label":"unnamed-chunk-29"},{"row":655,"row_count":1,"visible":true,"expansion_state":0,"options":{"echo":true,"engine":"r","label":"unnamed-chunk-18"},"document_id":"F2CBAF55","chunk_id":"clu52bbh0rlcc","chunk_label":"unnamed-chunk-30"},{"row":668,"row_count":1,"visible":true,"expansion_state":0,"options":{"engine":"r","label":"unnamed-chunk-25"},"document_id":"F2CBAF55","chunk_id":"cmd2hq9cbxa96","chunk_label":"unnamed-chunk-31"},{"row":681,"row_count":1,"visible":true,"expansion_state":0,"options":{"echo":true,"engine":"r","label":"unnamed-chunk-28"},"document_id":"F2CBAF55","chunk_id":"ceban1ozlf6z7","chunk_label":"unnamed-chunk-32"}],"doc_write_time":1680211764,"chunk_rendered_width":568}